Codi,Nom del centre d'estudi,Universitat,Població,Tipus de centre,Places orientatives,Preu orientatiu,Observacions
41029,"Administració d'Empreses i Gestió de la Innovació ""Tecnocampus""",UPF,Mataró,U. Públ. CA,70,5.990 ,17
41036,"Administració d'Empreses i Gestió de la Innovació ""Tecnocampus"" (docència en Anglès)",UPF,Mataró,U. Públ. CA,35,6.405 ,17
41041,"Administració d'Empreses i Gestió de la Innovació / Màrqueting i Comunitats Digitals ""Tecnocampus"" (simultaneïtat)",UPF,Mataró,U. Públ. CA,60,6.170 ,04-17
41035,"Administració d'Empreses i Gestió de la Innovació / Turisme i Gestió del Lleure ""Tecnocampus"" (simultaneïtat)",UPF,Mataró,U. Públ. CA,40,6.210 ,04-17
11033,Administració i Direcció d'Empreses,UB,Barcelona,U. Públ.,780,N/A,16
41008,Administració i Direcció d'Empreses,UPF,Barcelona,U. Públ.,170,N/A,21
71063,"Administració i Direcció d'Empreses ""IGEMA""",URV,Barcelona,U. Públ. CA,80,750 ,17
21014,Administració i Direcció d'Empreses,UAB,Cerdanyola del Vallès,U. Públ.,160,N/A,16
21099,Administració i Direcció d'Empreses (docència en Anglès),UAB,Cerdanyola del Vallès,U. Públ.,70,N/A,16
81003,Administració i Direcció d'Empreses,UdG,Girona,U. Públ.,100,N/A,16
61069,Administració i Direcció d'Empreses,UdL,Igualada,U. Públ.,40,N/A,16
61003,Administració i Direcció d'Empreses,UdL,Lleida,U. Públ.,120,N/A,16
91042,Administració i Direcció d'Empreses (Campus Manresa),UVic-UCC,Manresa,U. Priv.,50,5.500 ,N/A
71002,Administració i Direcció d'Empreses,URV,Reus,U. Públ.,140,N/A,16
71004,Administració i Direcció d'Empreses,URV,Tortosa,U. Públ.,45,N/A,16
91003,Administració i Direcció d'Empreses,UVic-UCC,Vic,U. Priv.,60,5.473 ,N/A
41034,Administració i Direcció d'Empreses - Economia / Dret (agrupació de simultaneïtat),UPF,Barcelona,U. Públ.,90,N/A,12-21
11064,Administració i Direcció d'Empreses / Dret (simultaneïtat),UB,Barcelona,U. Públ.,60,N/A,04-16
21098,Administració i Direcció d'Empreses / Dret (simultaneïtat),UAB,Cerdanyola del Vallès,U. Públ.,80,N/A,04-16
81053,Administració i Direcció d'Empreses / Dret (simultaneïtat),UdG,Girona,U. Públ.,10,N/A,04-16
61035,Administració i Direcció d'Empreses / Dret (simultaneïtat),UdL,Lleida,U. Públ.,30,N/A,04-16
71055,Administració i Direcció d'Empreses / Dret (simultaneïtat),URV,Tarragona Reus,U. Públ.,25,N/A,04-16
81052,Administració i Direcció d'Empreses / Economia (simultaneïtat),UdG,Girona,U. Públ.,30,N/A,04-16
61070,Administració i Direcció d'Empreses / Enginyeria en Organització Industrial i Logística (simultaneïtat),UdL,Igualada,U. Públ.,10,N/A,04-16
81046,Administració i Direcció d'Empreses / Enginyeria en Tecnologies Industrials (simultaneïtat),UdG,Girona,U. Públ.,15,N/A,04-16
61036,Administració i Direcció d'Empreses / Enginyeria Informàtica (simultaneïtat),UdL,Lleida,U. Públ.,10,N/A,04-16
71053,Administració i Direcció d'Empreses / Finances i Comptabilitat (simultaneïtat),URV,Reus,U. Públ.,30,N/A,04-16
71079,"Administració i Direcció d'Empreses / Màrqueting ""ESIC"" (simultaneïtat)",URV,Reus Barcelona,U. Públ. CA,10,4.712 ,20
71080,"Administració i Direcció d'Empreses / Màrqueting ""ESIC"" (simultaneïtat)",URV,Barcelona Tortosa,U. Públ. CA,10,4.712 ,20
11066,Administració i Direcció d'Empreses / Matemàtiques (simultaneïtat),UB,Barcelona,U. Públ.,20,N/A,04-16
11095,Administració i Direcció d'Empreses / Química (simultaneïtat),UB,Barcelona,U. Públ.,20,N/A,04-16
11090,Administració i Direcció d'Empreses / Sociologia (simultaneïtat),UB,Barcelona,U. Públ.,20,N/A,04-16
61077,"Administració i Direcció d'Empreses i Transformació de Negocis ""Centre Universitari EAE""",UdL,Barcelona,U. Públ. CA,150,10.900 ,17
11001,Antropologia Social i Cultural,UB,Barcelona,U. Públ.,120,N/A,16
61053,Administració i Direcció d'Empreses / Turisme (simultaneïtat),UdL,Lleida,U. Públ.,20,N/A,04-16
71003,Anglès,URV,Tarragona,U. Públ.,55,N/A,16
11029,Arqueologia,UB,Barcelona,U. Públ.,75,N/A,16
21146,Arqueologia,UAB,Cerdanyola del Vallès,U. Públ.,60,N/A,16
71049,Antropologia i Evolució Humana (virtual o semipresencial),URV / UOC,Tarragona,U. Públ.,120,N/A,14-16
11096,Arqueologia / Història (simultaneïtat),UB,Barcelona,U. Públ.,20,N/A,04-16
21152,Antropologia Social i Cultural,UAB,Cerdanyola del Vallès,U. Públ.,70,N/A,16
31016,Arquitectura Tècnica i Edificació,UPC,Barcelona,U. Públ.,160,N/A,21
81020,Arquitectura Tècnica i Edificació,UdG,Girona,U. Públ.,25,N/A,16
81065,Arquitectura Tècnica i Edificació (semipresencial),UdG,Girona,U. Públ.,15,N/A,16
61016,Arquitectura Tècnica i Edificació,UdL,Lleida,U. Públ.,25,N/A,16
31078,Arquitectura Estudis d',UPC,Barcelona,U. Públ.,342,N/A,21
81057,Arquitectura Estudis d',UdG,Girona,U. Públ.,40,N/A,16
71087,Arquitectura Estudis d',URV,Reus,U. Públ.,60,N/A,16
31079,Arquitectura Estudis d',UPC,Sant Cugat del Vallès,U. Públ.,110,N/A,21
81045,"Arts Escèniques ""ERAM""",UdG,Salt,U. Públ. CA,30,6.480 ,17
21020,"Arts i Disseny ""Massana""",UAB,Barcelona,U. Públ. CA,95,6.332 ,17
91063,Audiologia General,UVic-UCC,Vic,U. Priv.,60,6.901 ,N/A
11099,Belles Arts,UB,Barcelona,U. Públ.,300,N/A,16
91059,"Belles Arts ""BAU""",UVic-UCC,Barcelona,U. Priv. CA,80,8.780 ,N/A
91917,Bioinformàtica (docència en Anglès),UPC / UB / UAB / UPF,Barcelona Cerdanyola del Vallès,U. Públ.,50,N/A,21
11002,Biologia,UB,Barcelona,U. Públ.,144,N/A,16
21009,Biologia,UAB,Cerdanyola del Vallès,U. Públ.,80,N/A,16
81006,Biologia,UdG,Girona,U. Públ.,90,N/A,16
91018,Biologia,UVic-UCC,Vic,U. Priv.,50,658 ,N/A
81047,Biologia / Biotecnologia (simultaneïtat),UdG,Girona,U. Públ.,10,N/A,04-16
91058,Biomedicina,UVic-UCC,Vic,U. Priv.,50,658 ,N/A
11003,Bioquímica,UB,Barcelona,U. Públ.,60,N/A,16
81048,Biologia / Ciències Ambientals (simultaneïtat),UdG,Girona,U. Públ.,20,N/A,04-16
21008,Biologia Ambiental,UAB,Cerdanyola del Vallès,U. Públ.,60,N/A,16
41001,Biologia Humana,UPF,Barcelona,U. Públ.,65,N/A,21
11004,Biotecnologia,UB,Barcelona,U. Públ.,80,N/A,16
21011,Bioquímica,UAB,Cerdanyola del Vallès,U. Públ.,60,N/A,16
71005,Bioquímica i Biologia Molecular,URV,Tarragona,U. Públ.,45,N/A,16
71054,Bioquímica i Biologia Molecular / Biotecnologia (simultaneïtat),URV,Tarragona,U. Públ.,15,N/A,04-16
21012,Biotecnologia,UAB,Cerdanyola del Vallès,U. Públ.,80,N/A,16
81007,Biotecnologia,UdG,Girona,U. Públ.,60,N/A,16
61005,Biotecnologia,UdL,Lleida,U. Públ.,50,N/A,16
71006,Biotecnologia,URV,Tarragona,U. Públ.,40,N/A,16
91004,Biotecnologia,UVic-UCC,Vic,U. Priv.,50,658 ,N/A
81047,Biotecnologia / Biologia (simultaneïtat),UdG,Girona,U. Públ.,10,N/A,04-16
71054,Biotecnologia / Bioquímica i Biologia Molecular (simultaneïtat),URV,Tarragona,U. Públ.,15,N/A,04-16
71056,Biotecnologia / Enginyeria Informàtica (simultaneïtat),URV,Tarragona,U. Públ.,10,N/A,04-16
11109,"Ciberseguretat ""ENTI""",UB,Barcelona,U. Públ. CA,40,8.220 ,17
31089,Ciència i Enginyeria de Dades,UPC,Barcelona,U. Públ.,50,N/A,21
61040,Ciència i Producció Animal / Veterinària (simultaneïtat),UdL,Lleida,U. Públ.,60,N/A,15-16
21021,Ciència i Tecnologia dels Aliments,UAB,Cerdanyola del Vallès,U. Públ.,70,N/A,16
61008,Ciència i Tecnologia dels Aliments,UdL,Lleida,U. Públ.,40,N/A,16
11054,Ciència i Tecnologia dels Aliments,UB,Santa Coloma de Gramenet,U. Públ.,80,N/A,16
21013,Ciència Política i Gestió Pública,UAB,Cerdanyola del Vallès,U. Públ.,80,N/A,16
21104,Ciència Política i Gestió Pública / Dret (simultaneïtat),UAB,Cerdanyola del Vallès,U. Públ.,20,N/A,04-16
21125,Ciència Política i Gestió Pública / Sociologia (simultaneïtat),UAB,Cerdanyola del Vallès,U. Públ.,20,N/A,04-16
21137,Ciència Tecnologia i Humanitats,UAB / UAM / UC3M,Cerdanyola del Vallès,U. Públ.,15,N/A,16-25
21131,Ciències,UAB / UAM / UC3M,Cerdanyola del Vallès,U. Públ.,15,N/A,09
11005,Ciències Ambientals,UB,Barcelona,U. Públ.,60,N/A,16
21147,Ciències Ambientals,UAB,Cerdanyola del Vallès,U. Públ.,60,N/A,16
81008,Ciències Ambientals,UdG,Girona,U. Públ.,60,N/A,16
21151,Ciències Ambientals / Geologia (simultaneïtat),UAB,Cerdanyola del Vallès,U. Públ.,30,N/A,16
81048,Ciències Ambientals / Biologia (simultaneïtat),UdG,Girona,U. Públ.,20,N/A,04-16
11006,Ciències Biomèdiques,UB,Barcelona L'Hospitalet de Llobregat,U. Públ.,165,N/A,16
21010,Ciències Biomèdiques,UAB,Cerdanyola del Vallès,U. Públ.,60,N/A,16
61004,Ciències Biomèdiques,UdL,Lleida,U. Públ.,45,N/A,16
11113,"Ciències Culinàries i Gastronòmiques ""CETT""",UB,Barcelona,U. Públ. CA,80,8.741 ,17
71086,"Ciències de l'Activitat Física i de l'Esport ""EUSES""",URV,Amposta,U. Públ. CA,50,7.485 ,17
11007,Ciències de l'Activitat Física i de l'Esport,UB,Barcelona,U. Públ. CA,150,N/A,16
61071,Ciències de l'Activitat Física i de l'Esport,UdL,La Seu d'Urgell,U. Públ. CA,40,N/A,16
61007,Ciències de l'Activitat Física i de l'Esport,UdL,Lleida,U. Públ. CA,95,N/A,16
41038,"Ciències de l'Activitat Física i de l'Esport ""Tecnocampus""",UPF,Mataró,U. Públ. CA,60,6.790 ,17
81082,"Ciències de l'Activitat Física i de l'Esport ""EUSES""",UdG,Salt,U. Públ. CA,90,7.335 ,17
91001,Ciències de l'Activitat Física i de l'Esport,UVic-UCC,Vic,U. Priv.,100,658 ,N/A
61038,Ciències de l'Activitat Física i de l'Esport / Educació Primària (simultaneïtat),UdL,Lleida,U. Públ.,30,N/A,04-16-19
91055,Ciències de l'Activitat Física i de l'Esport / Educació Primària (menció en Educació Física) (simultaneïtat),UVic-UCC,Vic,U. Priv.,40,7.353 ,04-29
81086,"Ciències de l'Activitat Física i de l'Esport / Fisioteràpia ""EUSES"" (simultaneïtat)",UdG,Salt,U. Públ. CA,10,9.984 ,04-17
71088,"Ciències de l'Activitat Física i de l'Esport / Fisioteràpia ""EUSES"" (simultaneïtat)",URV,Tortosa Amposta,U. Públ. CA,10,10.133 ,04-17
61039,Ciències de l'Activitat Física i de l'Esport / Fisioteràpia (simultaneïtat),UdL,Lleida,U. Públ.,25,N/A,04-16
41037,"Ciències de l'Activitat Física i de l'Esport / Fisioteràpia ""Tecnocampus"" (simultaneïtat)",UPF,Mataró,U. Públ. CA,40,8.850 ,04-17
21117,Ciències de l'Antiguitat,UAB,Cerdanyola del Vallès,U. Públ.,60,N/A,16
11077,Ciències del Mar,UB,Barcelona,U. Públ.,60,N/A,16
41009,Ciències Empresarials - Management,UPF,Barcelona,U. Públ.,110,N/A,21
31095,"Ciències i Tecnologies Aplicades a l'Esport i al Fitnes ""EUNCET""",UPC,Barcelona,U. Públ. CA,80,7.500 ,17
31096,Ciències i Tecnologies del Mar,UPC,Barcelona Vilanova i la Geltrú Castelldefels,U. Públ.,60,N/A,21
11008,Ciències Polítiques i de l'Administració,UB,Barcelona,U. Públ.,100,N/A,16
41010,Ciències Polítiques i de l'Administració,UPF,Barcelona,U. Públ.,140,N/A,21
81010,Ciències Polítiques i de l'Administració,UdG,Girona,U. Públ.,55,N/A,16
11065,Ciències Polítiques i de l'Administració / Dret (simultaneïtat),UB,Barcelona,U. Públ.,20,N/A,04-16
81054,Ciències Polítiques i de l'Administració / Dret (simultaneïtat),UdG,Girona,U. Públ.,15,N/A,04-16
11105,"Cinematografia ""ESCAC""",UB,Terrassa,U. Públ. CA,110,11.950 ,01-17
81011,Comptabilitat i Finances,UdG,Girona,U. Públ.,140,N/A,16
21084,Comptabilitat i Finances,UAB,Sabadell,U. Públ.,150,N/A,16
11097,Comunicació Audiovisual,UB,Barcelona,U. Públ.,45,N/A,16
41002,Comunicació Audiovisual,UPF,Barcelona,U. Públ.,80,N/A,21
21085,Comunicació Audiovisual,UAB,Cerdanyola del Vallès,U. Públ.,80,N/A,16
71007,Comunicació Audiovisual,URV,Tarragona,U. Públ.,45,N/A,16
91006,Comunicació Audiovisual,UVic-UCC,Vic,U. Priv.,40,658 ,N/A
11098,Comunicació Audiovisual / Gestió d'Informació i Documentació Digital (simultaneïtat),UB,Barcelona,U. Públ.,20,N/A,04-16
81005,"Comunicació Audiovisual i Multimèdia ""ERAM""",UdG,Salt,U. Públ. CA,50,7.380 ,17
81067,"Comunicació Audiovisual i Multimèdia ""ERAM"" (docència en Anglès)",UdG,Salt,U. Públ. CA,20,7.380 ,17
81068,Comunicació Cultural,UdG,Girona,U. Públ.,50,N/A,16
21121,Comunicació de les Organitzacions,UAB,Cerdanyola del Vallès,U. Públ.,60,N/A,16
11067,Comunicació i Indústries Culturals,UB,Barcelona,U. Públ.,120,N/A,16
61009,Comunicació i Periodisme Audiovisuals,UdL,Lleida,U. Públ.,90,N/A,16
21126,Comunicació Interactiva,UAB,Cerdanyola del Vallès,U. Públ.,60,N/A,16
11100,Conservació - Restauració de Béns Culturals,UB,Barcelona,U. Públ.,50,N/A,16
61042,Conservació de la Natura / Enginyeria Forestal (simultaneïtat),UdL,Lleida,U. Públ.,25,N/A,04-16
11010,Criminologia,UB,Barcelona,U. Públ.,140,N/A,16
91050,"Criminologia ""ESERP""",UVic-UCC,Barcelona,U. Priv. CA,40,7.850 ,N/A
21068,Criminologia,UAB,Cerdanyola del Vallès,U. Públ.,65,N/A,16
81013,Criminologia,UdG,Girona,U. Públ.,55,N/A,16
11088,Criminologia / Dret (simultaneïtat),UB,Barcelona,U. Públ.,20,N/A,04-16
21108,Criminologia / Dret (simultaneïtat),UAB,Cerdanyola del Vallès,U. Públ.,25,N/A,04-16
81056,Criminologia / Dret (simultaneïtat),UdG,Girona,U. Públ.,15,N/A,04-16
41011,Criminologia i Polítiques Públiques de Prevenció,UPF,Barcelona,U. Públ.,60,N/A,21
41043,Criminologia i Polítiques Públiques de Prevenció / Dret (simultaneïtat),UPF,Barcelona,U. Públ.,20,N/A,04-21
21107,Direcció Hotelera,UAB,Cerdanyola del Vallès,U. Públ. CA,90,5.940 ,17
81083,Direcció d'Empreses Hoteleres i Gastronòmiques,UdG,Sant Pol de Mar,U. Públ. CA,40,10.280 ,17
71085,"Direcció i Gestió d'Empreses en l'Àmbit Digital ""ESIC""",URV,Barcelona,U. Públ. CA,70,9.150 ,17
11110,"Direcció i Gestió Gastronòmica ""Barcelona Culinary Hub""",UB,L'Hospitalet de Llobregat,U. Públ. CA,40,10.500 ,17
11101,Disseny,UB,Barcelona,U. Públ.,60,N/A,16
91007,"Disseny ""BAU""",UVic-UCC,Barcelona,U. Priv. CA,160,8.780 ,N/A
21015,"Disseny ""Eina""",UAB,Barcelona,U. Públ. CA,150,900 ,17
61064,Disseny Digital i Tecnologies Creatives,UdL,Lleida,U. Públ.,40,N/A,16
31121,Disseny Digital i Tecnologies Multimèdia,UPC,Terrassa,U. Públ. CA,40,6.360 ,17
31083,Disseny i Desenvolupament de Videojocs (docència en Anglès) (Campus Barcelona),UPC,Barcelona Terrassa,U. Públ. CA,30,6.360 ,17
81059,Disseny i Desenvolupament de Videojocs,UdG,Girona,U. Públ.,40,N/A,16
31074,Disseny i Desenvolupament de Videojocs (Campus Terrassa),UPC,Terrassa Barcelona,U. Públ. CA,44,6.360 ,17
11106,"Disseny i Desenvolupament de Videojocs i Jocs Aplicats ""ENTI""",UB,Barcelona,U. Públ. CA,40,8.220 ,17
91056,"Disseny i Innovació ""ELISAVA""",UVic-UCC,Barcelona,U. Priv.,175,10.320 ,N/A
41045,"Disseny i Producció de Videojocs ""Tecnocampus""",UPF,Mataró,U. Públ. CA,55,6.460 ,17
41052,"Disseny i Producció de Videojocs / Enginyeria Informàtica de Gestió i Sistemes d'Informació ""Tecnocampus"" (simultaneïtat)",UPF,Mataró,U. Públ. CA,30,7.480 ,04-17
31122,Disseny Animació i Art Digital,UPC,Terrassa,U. Públ. CA,40,6.360 ,17
11107,"Disseny Animació i Art Digital per a Videojocs i Jocs Aplicats ""ENTI""",UB,Barcelona,U. Públ. CA,40,8.220 ,17
11012,Dret,UB,Barcelona,U. Públ.,430,N/A,16
41013,Dret,UPF,Barcelona,U. Públ.,260,N/A,21
91053,"Dret ""ESERP""",UVic-UCC,Barcelona,U. Priv. CA,90,8.560 ,N/A
21086,Dret,UAB,Cerdanyola del Vallès,U. Públ.,200,N/A,16
81015,Dret,UdG,Girona,U. Públ.,155,N/A,16
61010,Dret,UdL,Lleida,U. Públ.,115,N/A,16
71008,Dret,URV,Tarragona,U. Públ.,135,N/A,16
11064,Dret / Administració i Direcció d'Empreses (simultaneïtat),UB,Barcelona,U. Públ.,60,N/A,04-16
21098,Dret / Administració i Direcció d'Empreses (simultaneïtat),UAB,Cerdanyola del Vallès,U. Públ.,80,N/A,04-16
81053,Dret / Administració i Direcció d'Empreses (simultaneïtat),UdG,Girona,U. Públ.,10,N/A,04-16
61035,Dret / Administració i Direcció d'Empreses (simultaneïtat),UdL,Lleida,U. Públ.,30,N/A,04-16
71055,Dret / Administració i Direcció d'Empreses (simultaneïtat),URV,Reus Tarragona,U. Públ.,25,N/A,04-16
41034,Dret / Administració i Direcció d'Empreses - Economia (agrupació de simultaneïtat),UPF,Barcelona,U. Públ.,90,N/A,12-21
21104,Dret / Ciència Política i Gestió Pública (simultaneïtat),UAB,Cerdanyola del Vallès,U. Públ.,20,N/A,04-16
11065,Dret / Ciències Polítiques i de l'Administració (simultaneïtat),UB,Barcelona,U. Públ.,20,N/A,04-16
81054,Dret / Ciències Polítiques i de l'Administració (simultaneïtat),UdG,Girona,U. Públ.,15,N/A,04-16
11088,Dret / Criminologia (simultaneïtat),UB,Barcelona,U. Públ.,20,N/A,04-16
21108,Dret / Criminologia (simultaneïtat),UAB,Cerdanyola del Vallès,U. Públ.,25,N/A,04-16
81056,Dret / Criminologia (simultaneïtat),UdG,Girona,U. Públ.,15,N/A,04-16
41043,Dret / Criminologia i Polítiques Públiques de Prevenció (simultaneïtat),UPF,Barcelona,U. Públ.,20,N/A,04-21
11070,Dret / Gestió i Administració Pública (simultaneïtat),UB,Barcelona,U. Públ.,24,N/A,04-16
21145,Dret / Relacions Internacionals (simultaneïtat),UAB,Cerdanyola del Vallès,U. Públ.,20,N/A,16
21109,Dret / Relacions Laborals (simultaneïtat),UAB,Cerdanyola del Vallès,U. Públ.,20,N/A,04-16
71083,Dret / Relacions Laborals i Recursos Humans (simultaneïtat),URV,Tarragona,U. Públ.,25,N/A,04-16
11103,Economia,UB,Barcelona,U. Públ.,300,N/A,16
41014,Economia,UPF,Barcelona,U. Públ.,170,N/A,21
21070,Economia,UAB,Cerdanyola del Vallès,U. Públ.,135,N/A,16
21110,Economia (docència en Anglès),UAB,Cerdanyola del Vallès,U. Públ.,40,N/A,16
81016,Economia,UdG,Girona,U. Públ.,50,N/A,16
71009,Economia,URV,Reus,U. Públ.,50,N/A,16
41034,Economia - Administració i Direcció d'Empreses / Dret (agrupació de simultaneïtat),UPF,Barcelona,U. Públ.,90,N/A,12-21
81052,Economia / Administració i Direcció d'Empreses (simultaneïtat),UdG,Girona,U. Públ.,30,N/A,04-16
91914,Economia / Estadística (simultaneïtat),UB / UPC,Barcelona,U. Públ.,20,N/A,16-23
81069,Economia / Filosofia (simultaneïtat),UdG,Girona,U. Públ.,10,N/A,04-16
11013,Educació Infantil,UB,Barcelona,U. Públ.,180,N/A,16-19
21016,Educació Infantil,UAB,Cerdanyola del Vallès,U. Públ.,130,N/A,16-19
71034,Educació Infantil,URV,el Vendrell,U. Públ.,40,N/A,16-19
81017,Educació Infantil,UdG,Girona,U. Públ.,80,N/A,16-19
61011,Educació Infantil,UdL,Lleida,U. Públ.,90,N/A,16-19
91038,Educació Infantil (Campus Manresa),UVic-UCC,Manresa,U. Priv.,40,5.463 ,29
71010,Educació Infantil,URV,Tarragona,U. Públ.,80,N/A,16-19
71029,Educació Infantil,URV,Tortosa,U. Públ.,40,N/A,16-19
91008,Educació Infantil,UVic-UCC,Vic,U. Priv.,70,5.473 ,29
11072,Educació Infantil / Educació Primària (pla de millora de la formació inicial de Mestre - 5 anys) (simultaneïtat),UB,Barcelona,U. Públ.,40,N/A,04-16-19
21111,Educació Infantil / Educació Primària (pla de millora de la formació inicial de Mestre - 5 anys) (simultaneïtat),UAB,Cerdanyola del Vallès,U. Públ.,20,N/A,04-16-19
81049,Educació Infantil / Educació Primària (pla de millora de la formació inicial de Mestre - 5 anys) (simultaneïtat),UdG,Girona,U. Públ.,50,N/A,04-16-19
61037,Educació Infantil / Educació Primària (pla de millora de la formació inicial de Mestre - 5 anys) (simultaneïtat),UdL,Lleida,U. Públ.,35,N/A,04-16-19
71050,Educació Infantil / Educació Primària (pla de millora de la formació inicial de Mestre - 5 anys) (simultaneïtat),URV,Tarragona,U. Públ.,30,N/A,04-16-19
71076,Educació Infantil / Educació Primària (pla de millora de la formació inicial de Mestre - 5 anys) (simultaneïtat),URV,Tortosa,U. Públ.,10,N/A,04-16-19
91030,Educació Infantil / Educació Primària (pla de millora de la formació inicial de Mestre - 5 anys) (menció en Llengua Anglesa) (simultaneïtat),UVic-UCC,Vic,U. Priv.,40,5.473 ,04-18-29
11014,Educació Primària,UB,Barcelona,U. Públ.,375,N/A,16-19
21018,Educació Primària,UAB,Cerdanyola del Vallès,U. Públ.,180,N/A,16-19
21102,Educació Primària (docència en Anglès),UAB,Cerdanyola del Vallès,U. Públ.,75,N/A,03-16-19
81018,Educació Primària,UdG,Girona,U. Públ.,80,N/A,16-19
61072,Educació Primària (modalitat bilingüe),UdL,Lleida,U. Públ.,30,N/A,16-19
61073,Educació Primària (modalitat dual),UdL,Lleida,U. Públ.,95,N/A,16-19
71011,Educació Primària,URV,Tarragona,U. Públ.,80,N/A,16-19
71033,Educació Primària,URV,Tortosa,U. Públ.,40,N/A,16-19
91009,Educació Primària,UVic-UCC,Vic,U. Priv.,70,5.473 ,29
61038,Educació Primària / Ciències de l'Activitat Física i de l'Esport (simultaneïtat),UdL,Lleida,U. Públ.,30,N/A,04-16-19
91055,Educació Primària (menció en Educació Física) / Ciències de l'Activitat Física i de l'Esport (simultaneïtat),UVic-UCC,Vic,U. Priv.,40,7.353 ,04-29
11072,Educació Primària / Educació Infantil (pla de millora de la formació inicial de Mestre - 5 anys) (simultaneïtat),UB,Barcelona,U. Públ.,40,N/A,04-16-19
21111,Educació Primària / Educació Infantil (pla de millora de la formació inicial de Mestre - 5 anys) (simultaneïtat),UAB,Cerdanyola del Vallès,U. Públ.,20,N/A,04-16-19
81049,Educació Primària / Educació Infantil (pla de millora de la formació inicial de Mestre - 5 anys) (simultaneïtat),UdG,Girona,U. Públ.,50,N/A,04-16-19
61037,Educació Primària / Educació Infantil (pla de millora de la formació inicial de Mestre - 5 anys) (simultaneïtat),UdL,Lleida,U. Públ.,35,N/A,04-16-19
71050,Educació Primària / Educació Infantil (pla de millora de la formació inicial de Mestre - 5 anys) (simultaneïtat),URV,Tarragona,U. Públ.,30,N/A,04-16-19
71076,Educació Primària / Educació Infantil (pla de millora de la formació inicial de Mestre - 5 anys) (simultaneïtat),URV,Tortosa,U. Públ.,10,N/A,04-16-19
91030,Educació Primària / Educació Infantil (pla de millora de la formació inicial de Mestre - 5 anys) (menció en Llengua Anglesa) (simultaneïtat),UVic-UCC,Vic,U. Priv.,40,5.473 ,04-18-29
11015,Educació Social,UB,Barcelona,U. Públ.,180,N/A,16
21019,Educació Social,UAB,Cerdanyola del Vallès,U. Públ.,80,N/A,16
81019,Educació Social,UdG,Girona,U. Públ.,60,N/A,16
61013,Educació Social,UdL,Lleida,U. Públ.,80,N/A,16
71012,Educació Social,URV,Tarragona,U. Públ.,55,N/A,16
91010,Educació Social,UVic-UCC,Vic,U. Priv.,45,5.473 ,N/A
21087,Empresa i Tecnologia,UAB,Sabadell,U. Públ.,80,N/A,16
31126,"Empresa Innovació i Tecnologia ""EUNCET"" (Campus 22@) (presencial)",UPC,Barcelona,U. Públ. CA,70,7.200 ,17
31125,"Empresa Innovació i Tecnologia ""EUNCET"" (Campus 22@) (semipresencial)",UPC,Barcelona,U. Públ. CA,35,6.600 ,17
31128,"Empresa Innovació i Tecnologia ""EUNCET"" (Campus Terrassa) (presencial)",UPC,Terrassa,U. Públ. CA,70,7.200 ,17
31127,"Empresa Innovació i Tecnologia ""EUNCET"" (Campus Terrassa) (semipresencial)",UPC,Terrassa,U. Públ. CA,35,6.600 ,17
31129,"Empresa Innovació i Tecnologia / Màrqueting Innovació i Tecnologia ""EUNCET"" (Campus 22@) (presencial) (simultaneïtat)",UPC,Barcelona,U. Públ. CA,35,7.200 ,04-17
31130,"Empresa Innovació i Tecnologia / Màrqueting Innovació i Tecnologia ""EUNCET"" (Campus Terrassa) (presencial) (simultaneïtat)",UPC,Terrassa,U. Públ. CA,35,7.200 ,04-17
11073,Empresa Internacional (docència en Anglès),UB,Barcelona,U. Públ.,80,N/A,16
61006,Enginyeria Agrària i Alimentària,UdL,Lleida,U. Públ.,60,N/A,16
81032,Enginyeria Agroalimentària,UdG,Girona,U. Públ.,40,N/A,16
31004,Enginyeria Alimentària,UPC,Castelldefels,U. Públ.,55,N/A,21
31100,Enginyeria Ambiental,UPC,Barcelona Castelldefels,U. Públ.,60,N/A,21
11059,Enginyeria Biomèdica,UB,Barcelona,U. Públ.,40,N/A,16
41033,Enginyeria Biomèdica,UPF,Barcelona,U. Públ.,40,N/A,21
31051,Enginyeria Biomèdica,UPC,Barcelona Sant Adrià de Besòs,U. Públ.,55,N/A,21
81063,Enginyeria Biomèdica,UdG,Girona,U. Públ.,40,N/A,16
71064,Enginyeria Biomèdica,URV,Tarragona,U. Públ.,40,N/A,16
71070,Enginyeria Biomèdica / Enginyeria de Sistemes i Serveis de Telecomunicacions (simultaneïtat),URV,Tarragona,U. Públ.,10,N/A,04-16
31103,Enginyeria Civil,UPC,Barcelona,U. Públ.,120,N/A,21
31113,Enginyeria Civil Grau en + Màster Universitari en Enginyeria de Camins Canals i Ports (PARS: Enginyer/a de Camins Canals i Ports),UPC,Barcelona,U. Públ.,40,N/A,21-28
21132,"Enginyeria d'Automoció ""EU Salesiana de Sarrià""",UAB,Barcelona,U. Públ. CA,50,7.710 ,17
31091,Enginyeria d'Automoció (Campus Manresa),UPC,Manresa Barcelona,U. Públ.,50,N/A,21
71061,Enginyeria de Bioprocessos Alimentaris,URV,Tarragona,U. Públ.,40,N/A,16
31097,Enginyeria de Ciències Agronòmiques,UPC,Castelldefels,U. Públ.,55,N/A,21
21118,Enginyeria de Dades,UAB,Cerdanyola del Vallès,U. Públ.,60,N/A,16
91057,"Enginyeria de Disseny Industrial ""ELISAVA""",UVic-UCC,Barcelona,U. Priv.,90,10.320 ,N/A
31022,Enginyeria de Disseny Industrial i Desenvolupament del Producte,UPC,Terrassa,U. Públ.,60,N/A,21
31006,Enginyeria de Disseny Industrial i Desenvolupament del Producte,UPC,Vilanova i la Geltrú,U. Públ.,100,N/A,21
91051,Enginyeria de l'Automoció,UVic-UCC,Granollers,U. Priv.,45,658 ,N/A
31052,Enginyeria de l'Energia,UPC,Barcelona Sant Adrià de Besòs,U. Públ.,70,N/A,21
61061,Enginyeria de l'Energia i Sostenibilitat / Enginyeria en Electrònica Industrial i Automàtica / Enginyeria Mecànica (agrupació),UdL,Lleida,U. Públ.,110,N/A,13-16
61075,Enginyeria de l'Energia i Sostenibilitat / Enginyeria en Electrònica Industrial i Automàtica / Enginyeria Mecànica (agrupació) Grau en + Màster Universitari en Enginyeria Industrial (PARS: Enginyer/a Industrial),UdL,Lleida,U. Públ.,10,N/A,13-16-28
61065,Enginyeria de l'Energia i Sostenibilitat / Enginyeria Mecànica (simultaneïtat),UdL,Lleida,U. Públ.,10,N/A,04-16
11060,Enginyeria de Materials,UB,Barcelona,U. Públ.,40,N/A,16
31025,Enginyeria de Materials,UPC,Barcelona Sant Adrià de Besòs,U. Públ.,40,N/A,21
31104,Enginyeria de Recursos Minerals i el seu Reciclatge / Enginyeria Electrònica Industrial i Automàtica / Enginyeria Mecànica / Enginyeria Química (agrupació),UPC,Manresa,U. Públ.,180,N/A,08-21
31123,Enginyeria de Satèl·lits,UPC,Castelldefels,U. Públ.,40,N/A,21
31084,Enginyeria de Sistemes Aeroespacials,UPC,Castelldefels,U. Públ.,120,N/A,21
31085,Enginyeria de Sistemes Aeroespacials / Enginyeria de Sistemes de Telecomunicació - Enginyeria Telemàtica (agrupació de simultaneïtat),UPC,Castelldefels,U. Públ.,40,N/A,12-21
31010,Enginyeria de Sistemes Audiovisuals,UPC,Terrassa,U. Públ.,60,N/A,21
31011,Enginyeria de Sistemes Biològics,UPC,Castelldefels,U. Públ.,55,N/A,21
31085,Enginyeria de Sistemes de Telecomunicació - Enginyeria Telemàtica / Enginyeria de Sistemes Aeroespacials (agrupació de simultaneïtat),UPC,Castelldefels,U. Públ.,40,N/A,12-21
21115,Enginyeria de Sistemes de Telecomunicació / Enginyeria Electrònica de Telecomunicació (agrupació),UAB,Cerdanyola del Vallès,U. Públ.,140,N/A,13-16
21105,Enginyeria de Sistemes de Telecomunicació / Enginyeria Informàtica (simultaneïtat),UAB,Cerdanyola del Vallès,U. Públ.,20,N/A,04-16
31076,Enginyeria de Sistemes de Telecomunicació / Enginyeria Telemàtica (inclou xarxes i Internet) (agrupació),UPC,Castelldefels,U. Públ.,80,N/A,08-21
31077,Enginyeria de Sistemes de Telecomunicació / Enginyeria Telemàtica (inclou xarxes i Internet) (febrer) (agrupació),UPC,Castelldefels,U. Públ.,20,N/A,06-08-21
71042,Enginyeria de Sistemes i Serveis de Telecomunicacions,URV,Tarragona,U. Públ.,40,N/A,16
71070,Enginyeria de Sistemes i Serveis de Telecomunicacions / Enginyeria Biomèdica (simultaneïtat),URV,Tarragona,U. Públ.,10,N/A,04-16
31065,Enginyeria de Sistemes TIC (àmbit d'Informàtica i Comunicacions),UPC,Manresa,U. Públ.,44,N/A,21
31015,Enginyeria de Tecnologia i Disseny Tèxtil / Enginyeria Elèctrica / Enginyeria Electrònica Industrial i Automàtica / Enginyeria Mecànica / Enginyeria Química (agrupació),UPC,Terrassa,U. Públ.,270,N/A,08-21
31086,Enginyeria de Tecnologies i Serveis de Telecomunicació,UPC,Barcelona,U. Públ.,180,N/A,21
31111,Enginyeria de Tecnologies i Serveis de Telecomunicació Grau en + Màster Universitari en Enginyeria de Telecomunicació (PARS: Enginyer/a de Telecomunicació),UPC,Barcelona,U. Públ.,40,N/A,21-28
41020,Enginyeria de Xarxes de Telecomunicació,UPF,Barcelona,U. Públ.,40,N/A,21
41057,"Enginyeria d'Organització Industrial / Enginyeria Electrònica Industrial i Automàtica / Enginyeria Mecànica ""Tecnocampus"" (agrupació)",UPF,Mataró,U. Públ. CA,80,5.930 ,08-17
31053,Enginyeria Elèctrica,UPC,Barcelona Sant Adrià de Besòs,U. Públ.,80,N/A,21
81040,Enginyeria Elèctrica,UdG,Girona,U. Públ.,40,N/A,16
71037,Enginyeria Elèctrica,URV,Tarragona,U. Públ.,50,N/A,16
81050,Enginyeria Elèctrica / Enginyeria Electrònica Industrial i Automàtica (simultaneïtat),UdG,Girona,U. Públ.,15,N/A,04-16
71058,Enginyeria Elèctrica / Enginyeria Electrònica Industrial i Automàtica (simultaneïtat),URV,Tarragona,U. Públ.,10,N/A,04-16
31015,Enginyeria Elèctrica / Enginyeria Electrònica Industrial i Automàtica / Enginyeria Mecànica / Enginyeria Química / Enginyeria de Tecnologia i Disseny Tèxtil (agrupació),UPC,Terrassa,U. Públ.,270,N/A,08-21
31124,Enginyeria Elèctrica i Sistemes Ferroviaris / Enginyeria Electrònica Industrial i Automàtica / Enginyeria Mecànica (Agrupació),UPC,Vilanova i la Geltrú,U. Públ.,200,N/A,21
11017,Enginyeria Electrònica de Telecomunicació,UB,Barcelona,U. Públ.,40,N/A,16
31099,Enginyeria Electrònica de Telecomunicació,UPC,Barcelona,U. Públ.,50,N/A,21
21115,Enginyeria Electrònica de Telecomunicació / Enginyeria de Sistemes de Telecomunicació (agrupació),UAB,Cerdanyola del Vallès,U. Públ.,140,N/A,13-16
21106,Enginyeria Electrònica de Telecomunicació / Enginyeria Informàtica (simultaneïtat),UAB,Cerdanyola del Vallès,U. Públ.,20,N/A,04-16
21025,"Enginyeria Electrònica Industrial i Automàtica ""EU Salesiana de Sarrià""",UAB,Barcelona,U. Públ. CA,35,7.710 ,17
31054,Enginyeria Electrònica Industrial i Automàtica,UPC,Barcelona Sant Adrià de Besòs,U. Públ.,135,N/A,21
81021,Enginyeria Electrònica Industrial i Automàtica,UdG,Girona,U. Públ.,50,N/A,16
71038,Enginyeria Electrònica Industrial i Automàtica,URV,Tarragona,U. Públ.,80,N/A,16
81050,Enginyeria Electrònica Industrial i Automàtica / Enginyeria Elèctrica (simultaneïtat),UdG,Girona,U. Públ.,15,N/A,04-16
71058,Enginyeria Electrònica Industrial i Automàtica / Enginyeria Elèctrica (simultaneïtat),URV,Tarragona,U. Públ.,10,N/A,04-16
21112,"Enginyeria Electrònica Industrial i Automàtica / Enginyeria Mecànica ""EU Salesiana de Sarrià"" (simultaneïtat)",UAB,Barcelona,U. Públ. CA,15,7.710 ,04-17
41057,"Enginyeria Electrònica Industrial i Automàtica / Enginyeria Mecànica / Enginyeria d'Organització Industrial ""Tecnocampus"" (agrupació)",UPF,Mataró,U. Públ. CA,80,5.930 ,08-17
31124,Enginyeria Electrònica Industrial i Automàtica / Enginyeria Mecànica / Enginyeria Elèctrica i Sistemes Ferroviaris (Agrupació),UPC,Vilanova i la Geltrú,U. Públ.,200,N/A,21
31104,Enginyeria Electrònica Industrial i Automàtica / Enginyeria Mecànica / Enginyeria Química / Enginyeria de Recursos Minerals i el seu Reciclatge (agrupació),UPC,Manresa,U. Públ.,180,N/A,08-21
31015,Enginyeria Electrònica Industrial i Automàtica / Enginyeria Mecànica / Enginyeria Química / Enginyeria de Tecnologia i Disseny Tèxtil / Enginyeria Elèctrica (agrupació),UPC,Terrassa,U. Públ.,270,N/A,08-21
61061,Enginyeria en Electrònica Industrial i Automàtica / Enginyeria Mecànica / Enginyeria de l'Energia i Sostenibilitat (agrupació),UdL,Lleida,U. Públ.,110,N/A,13-16
61075,Enginyeria en Electrònica Industrial i Automàtica / Enginyeria Mecànica / Enginyeria de l'Energia i Sostenibilitat (agrupació) Grau en + Màster Universitari en Enginyeria Industrial (PARS: Enginyer/a Industrial),UdL,Lleida,U. Públ.,10,N/A,13-16-28
21127,"Enginyeria en Energies Renovables i Eficiència Energètica ""EU Salesiana de Sarrià""",UAB,Barcelona,U. Públ. CA,30,7.710 ,17
31087,Enginyeria en Geoinformació i Geomàtica,UPC,Barcelona,U. Públ.,40,N/A,21
41019,Enginyeria en Informàtica,UPF,Barcelona,U. Públ.,55,N/A,21
21022,"Enginyeria en Organització Industrial ""EU Salesiana de Sarrià""",UAB,Barcelona,U. Públ. CA,45,7.710 ,17
61070,Enginyeria en Organització Industrial i Logística / Administració i Direcció d'Empreses (simultaneïtat),UdL,Igualada,U. Públ.,10,N/A,04-16
61060,Enginyeria en Organització Industrial i Logística / Enginyeria Química (agrupació),UdL,Igualada,U. Públ.,50,N/A,13-16
41018,Enginyeria en Sistemes Audiovisuals,UPF,Barcelona,U. Públ.,55,N/A,21
31049,Enginyeria en Sistemes i Tecnologia Naval,UPC,Barcelona,U. Públ.,60,N/A,21
31112,Enginyeria en Tecnologies Aeroespacials Grau en + Màster Universitari en Enginyeria Aeronàutica (PARS: Enginyer/a Aeronàutic/a),UPC,Terrassa,U. Públ.,60,N/A,21-28
81041,Enginyeria en Tecnologies Industrials,UdG,Girona,U. Públ.,70,N/A,16
81046,Enginyeria en Tecnologies Industrials / Administració i Direcció d'Empreses (simultaneïtat),UdG,Girona,U. Públ.,15,N/A,04-16
31114,Enginyeria en Tecnologies Industrials Grau en + Màster Universitari en Enginyeria Industrial (PARS: Enginyer/a Industrial),UPC,Terrassa,U. Públ.,180,N/A,21-28
31115,Enginyeria en Tecnologies Industrials Grau en + Màster Universitari en Enginyeria Industrial (PARS: Enginyer/a Industrial),UPC,Barcelona,U. Públ.,400,N/A,21-28
31031,Enginyeria en Vehicles Aeroespacials,UPC,Terrassa,U. Públ.,60,N/A,21
31067,Enginyeria Física,UPC,Barcelona,U. Públ.,44,N/A,21
61014,Enginyeria Forestal,UdL,Lleida,U. Públ.,40,N/A,16
61042,Enginyeria Forestal / Conservació de la Natura (simultaneïtat),UdL,Lleida,U. Públ.,25,N/A,04-16
11018,Enginyeria Informàtica,UB,Barcelona,U. Públ.,70,N/A,16
31059,Enginyeria Informàtica,UPC,Barcelona,U. Públ.,360,N/A,21
21071,Enginyeria Informàtica,UAB,Cerdanyola del Vallès,U. Públ.,190,N/A,16
81042,Enginyeria Informàtica,UdG,Girona,U. Públ.,100,N/A,16
61074,Enginyeria Informàtica,UdL,Igualada,U. Públ.,35,N/A,16
61015,Enginyeria Informàtica,UdL,Lleida,U. Públ.,60,N/A,16
71039,Enginyeria Informàtica,URV,Tarragona,U. Públ.,110,N/A,16
31037,Enginyeria Informàtica,UPC,Vilanova i la Geltrú,U. Públ.,55,N/A,21
31116,Enginyeria Informàtica Grau en + Màster Universitari en Enginyeria Informàtica (PARS: Enginyer/a Informàtic/a),UPC,Barcelona,U. Públ.,40,N/A,21-28
61076,Enginyeria Informàtica Grau en + Màster Universitari en Enginyeria Informàtica (PARS: Enginyer/a Informàtic/a),UdL,Lleida,U. Públ.,10,N/A,16-28
61036,Enginyeria Informàtica / Administració i Direcció d'Empreses (simultaneïtat),UdL,Lleida,U. Públ.,10,N/A,04-16
71056,Enginyeria Informàtica / Biotecnologia (simultaneïtat),URV,Tarragona,U. Públ.,10,N/A,04-16
21105,Enginyeria Informàtica / Enginyeria de Sistemes de Telecomunicació (simultaneïtat),UAB,Cerdanyola del Vallès,U. Públ.,20,N/A,04-16
21106,Enginyeria Informàtica / Enginyeria Electrònica de Telecomunicació (simultaneïtat),UAB,Cerdanyola del Vallès,U. Públ.,20,N/A,04-16
11016,Enginyeria Informàtica / Matemàtiques (simultaneïtat),UB,Barcelona,U. Públ.,20,N/A,04-16
41047,"Enginyeria Informàtica de Gestió i Sistemes d'Informació ""Tecnocampus""",UPF,Mataró,U. Públ. CA,50,5.930 ,17
41052,"Enginyeria Informàtica de Gestió i Sistemes d'Informació / Disseny i Producció de Videojocs ""Tecnocampus"" (simultaneïtat)",UPF,Mataró,U. Públ. CA,30,7.480 ,04-17
41056,Enginyeria Matemàtica en Ciència de Dades,UPF,Barcelona,U. Públ.,40,N/A,21
71081,Enginyeria Matemàtica i Física,URV,Tarragona,U. Públ.,20,N/A,16
21026,"Enginyeria Mecànica ""EU Salesiana de Sarrià""",UAB,Barcelona,U. Públ. CA,40,7.710 ,17
31027,Enginyeria Mecànica,UPC,Barcelona Sant Adrià de Besòs,U. Públ.,235,N/A,21
81022,Enginyeria Mecànica,UdG,Girona,U. Públ.,90,N/A,16
71040,Enginyeria Mecànica,URV,Tarragona,U. Públ.,65,N/A,16
61065,Enginyeria Mecànica / Enginyeria de l'Energia i Sostenibilitat (simultaneïtat),UdL,Lleida,U. Públ.,10,N/A,04-16
61061,Enginyeria Mecànica / Enginyeria de l'Energia i Sostenibilitat / Enginyeria en Electrònica Industrial i Automàtica (agrupació),UdL,Lleida,U. Públ.,110,N/A,13-16
61075,Enginyeria Mecànica / Enginyeria de l'Energia i Sostenibilitat / Enginyeria en Electrònica Industrial i Automàtica (agrupació) Grau en + Màster Universitari en Enginyeria Industrial (PARS: Enginyer/a Industrial),UdL,Lleida,U. Públ.,10,N/A,13-16-28
41057,"Enginyeria Mecànica / Enginyeria d'Organització Industrial / Enginyeria Electrònica Industrial i Automàtica ""Tecnocampus"" (agrupació)",UPF,Mataró,U. Públ. CA,80,5.930 ,08-17
31124,Enginyeria Mecànica / Enginyeria Elèctrica i Sistemes Ferroviaris / Enginyeria Electrònica Industrial i Automàtica (Agrupació),UPC,Vilanova i la Geltrú,U. Públ.,200,N/A,21
21112,"Enginyeria Mecànica / Enginyeria Electrònica Industrial i Automàtica ""EU Salesiana de Sarrià"" (simultaneïtat)",UAB,Barcelona,U. Públ. CA,15,7.710 ,04-17
31104,Enginyeria Mecànica / Enginyeria Química / Enginyeria de Recursos Minerals i el seu Reciclatge / Enginyeria Electrònica Industrial i Automàtica (agrupació),UPC,Manresa,U. Públ.,180,N/A,08-21
31015,Enginyeria Mecànica / Enginyeria Química / Enginyeria de Tecnologia i Disseny Tèxtil / Enginyeria Elèctrica / Enginyeria Electrònica Industrial i Automàtica (agrupació),UPC,Terrassa,U. Públ.,270,N/A,08-21
91011,Enginyeria Mecatrònica,UVic-UCC,Vic,U. Priv.,45,658 ,N/A
11019,Enginyeria Química,UB,Barcelona,U. Públ.,70,N/A,16
31055,Enginyeria Química,UPC,Barcelona Sant Adrià de Besòs,U. Públ.,100,N/A,21
21090,Enginyeria Química,UAB,Cerdanyola del Vallès,U. Públ.,80,N/A,16
81023,Enginyeria Química,UdG,Girona,U. Públ.,40,N/A,16
71041,Enginyeria Química,URV,Tarragona,U. Públ.,80,N/A,16
31104,Enginyeria Química / Enginyeria de Recursos Minerals i el seu Reciclatge / Enginyeria Electrònica Industrial i Automàtica / Enginyeria Mecànica (agrupació),UPC,Manresa,U. Públ.,180,N/A,08-21
31015,Enginyeria Química / Enginyeria de Tecnologia i Disseny Tèxtil / Enginyeria Elèctrica / Enginyeria Electrònica Industrial i Automàtica / Enginyeria Mecànica (agrupació),UPC,Terrassa,U. Públ.,270,N/A,08-21
61060,Enginyeria Química / Enginyeria en Organització Industrial i Logística (agrupació),UdL,Igualada,U. Públ.,50,N/A,13-16
31076,Enginyeria Telemàtica / Enginyeria de Sistemes de Telecomunicació (inclou xarxes i Internet) (agrupació),UPC,Castelldefels,U. Públ.,80,N/A,08-21
31077,Enginyeria Telemàtica / Enginyeria de Sistemes de Telecomunicació (inclou xarxes i Internet) (febrer) (agrupació),UPC,Castelldefels,U. Públ.,20,N/A,06-08-21
31085,Enginyeria Telemàtica - Enginyeria de Sistemes de Telecomunicació / Enginyeria de Sistemes Aeroespacials (agrupació de simultaneïtat),UPC,Castelldefels,U. Públ.,40,N/A,12-21
71013,Enologia,URV,Tarragona,U. Públ.,35,N/A,16
91902,Estadística,UB / UPC,Barcelona,U. Públ.,50,N/A,16-23
91914,Estadística / Economia (simultaneïtat),UB / UPC,Barcelona,U. Públ.,20,N/A,16 -23
21128,Estadística Aplicada,UAB,Cerdanyola del Vallès,U. Públ.,40,N/A,16
21129,Estadística Aplicada / Sociologia (simultaneïtat),UAB,Cerdanyola del Vallès,U. Públ.,20,N/A,04-16
11021,Estudis Anglesos (docència en Anglès),UB,Barcelona,U. Públ.,160,N/A,16
21135,Estudis Anglesos,UAB,Cerdanyola del Vallès,U. Públ.,80,N/A,16
61054,Estudis Anglesos,UdL,Lleida,U. Públ.,40,N/A,16
61051,Estudis Anglesos / Llengües Aplicades i Traducció (simultaneïtat),UdL,Lleida,U. Públ.,10,N/A,04-16
11094,Estudis Àrabs i Hebreus,UB,Barcelona,U. Públ.,40,N/A,16
21140,Estudis d'Anglès i Català,UAB,Cerdanyola del Vallès,U. Públ.,30,N/A,16
21141,Estudis d'Anglès i de Clàssiques,UAB,Cerdanyola del Vallès,U. Públ.,30,N/A,16
21142,Estudis d'Anglès i Espanyol,UAB,Cerdanyola del Vallès,U. Públ.,30,N/A,16
21143,Estudis d'Anglès i Francès,UAB,Cerdanyola del Vallès,U. Públ.,30,N/A,16
21030,Estudis d'Àsia Oriental -Japonès-,UAB,Cerdanyola del Vallès,U. Públ.,40,N/A,16
21067,Estudis d'Àsia Oriental -Xinès-,UAB,Cerdanyola del Vallès,U. Públ.,40,N/A,16
21144,Estudis de Català i Espanyol,UAB,Cerdanyola del Vallès,U. Públ.,30,N/A,16
21133,Estudis d'Espanyol i Xinès: Llengua Literatura i Cultura,UAB,Cerdanyola del Vallès,U. Públ.,40,N/A,01-16
41065,Estudis Globals,UPF,Barcelona,U. Públ.,40,N/A,21
41066,Estudis Globals (Només per a estudiants amb uns estudis de batxillerat o equivalent que NO pertanyin a sistemes educatius de la Unió Europea ni d'altres estats amb acords de reciprocitats),UPF,Barcelona,U. Públ.,30,N/A,21-24
81084,Estudis Globals / Global Studies (docència en Anglès),UdG,Girona,U. Públ.,40,N/A,16
91062,Estudis Globals / Global Studies (docència en Anglès),UVic-UCC,Vic,U. Priv.,40,658 ,01
81085,Estudis Globals / Global Studies (docència en Anglès) / Turisme (simultaneïtat),UdG,Girona,U. Públ.,20,N/A,16
41022,Estudis Internacionals d'Economia i Empresa - International Business Economics (docència en Anglès),UPF,Barcelona,U. Públ.,90,N/A,21
21148,Estudis Socioculturals de Gènere,UAB,Cerdanyola del Vallès,U. Públ.,60,N/A,16
11023,Estudis Literaris,UB,Barcelona,U. Públ.,100,N/A,16
11024,Farmàcia,UB,Barcelona,U. Públ.,340,N/A,16
11075,Farmàcia / Nutrició Humana i Dietètica (simultaneïtat),UB,Barcelona Santa Coloma de Gramenet,U. Públ.,20,N/A,04-16
11025,Filologia Catalana,UB,Barcelona,U. Públ.,70,N/A,16
81070,Filologia Catalana,UdG,Girona,U. Públ.,40,N/A,16
21134,Filologia Catalana: Estudis de Literatura i Lingüística,UAB,Cerdanyola del Vallès,U. Públ.,40,N/A,16
61055,Filologia Catalana i Estudis Occitans,UdL,Lleida,U. Públ.,20,N/A,16
81080,Filologia Catalana / Filologia Hispànica (simultaneïtat),UdG,Girona,U. Públ.,10,N/A,16
61058,Filologia Catalana i Estudis Occitans / Llengües Aplicades i Traducció (simultaneïtat),UdL,Lleida,U. Públ.,10,N/A,04-16
11026,Filologia Clàssica,UB,Barcelona,U. Públ.,60,N/A,16
11027,Filologia Hispànica,UB,Barcelona,U. Públ.,120,N/A,16
81071,Filologia Hispànica,UdG,Girona,U. Públ.,40,N/A,16
61079,Filologia Hispànica,UdL,Lleida,U. Públ.,25,N/A,16
81080,Filologia Hispànica / Filologia Catalana (simultaneïtat),UdG,Girona,U. Públ.,10,N/A,16
61080,Filologia Hispànica / Llengües Aplicades i Traducció (simultaneïtat),UdL,Lleida,U. Públ.,10,N/A,04-16
11061,Filosofia,UB,Barcelona,U. Públ.,200,N/A,16
21032,Filosofia,UAB,Cerdanyola del Vallès,U. Públ.,70,N/A,16
81072,Filosofia,UdG,Girona,U. Públ.,35,N/A,16
81069,Filosofia / Economia (simultaneïtat),UdG,Girona,U. Públ.,10,N/A,04-16
41042,Filosofia Política i Economia,UPF / UAB / UAM / UC3M,Barcelona Cerdanyola del Vallès,U. Públ.,30,N/A,10-21
71014,Finances i Comptabilitat,URV,Reus,U. Públ.,115,N/A,16
71053,Finances i Comptabilitat / Administració i Direcció d'Empreses (simultaneïtat),URV,Reus,U. Públ.,30,N/A,04-16
11030,Física,UB,Barcelona,U. Públ.,162,N/A,16
21001,Física,UAB,Cerdanyola del Vallès,U. Públ.,70,N/A,16
11020,Física / Matemàtiques (simultaneïtat),UB,Barcelona,U. Públ.,20,N/A,04-16
21005,Física / Matemàtiques (simultaneïtat),UAB,Cerdanyola del Vallès,U. Públ.,20,N/A,04-16
21100,Física / Química (simultaneïtat),UAB,Cerdanyola del Vallès,U. Públ.,20,N/A,04-16
21095,Fisioteràpia,UAB,Cerdanyola del Vallès,U. Públ.,80,N/A,16
61019,Fisioteràpia,UdL,Lleida,U. Públ.,25,N/A,16
41055,"Fisioteràpia ""Tecnocampus""",UPF,Mataró,U. Públ. CA,40,6.640 ,17
91041,Fisioteràpia (Campus Manresa),UVic-UCC,Manresa,U. Priv.,160,6.177 ,N/A
71043,Fisioteràpia,URV,Reus,U. Públ.,80,N/A,16
91918,Fisioteràpia (docència en Anglès) (només per a estudiants espanyols o estrangers amb residència),UdG / UB,L'Hospitalet de Llobregat,U. Públ. CA,18,7.815 ,17
91919,Fisioteràpia (docència en Anglès) (només per a estudiants sense nacionalitat espanyola ni residència a l'Estat Espanyol),UdG / UB,L'Hospitalet de Llobregat,U. Públ. CA,42,7.815 ,17
81087,"Fisioteràpia ""EUSES""",UdG,Salt,U. Públ. CA,165,7.335 ,17
21033,"Fisioteràpia ""Gimbernat""",UAB,Sant Cugat del Vallès,U. Públ. CA,240,7.430 ,17
71048,Fisioteràpia,URV,Tortosa,U. Públ. CA,60,7.485 ,17
91012,Fisioteràpia,UVic-UCC,Vic,U. Priv.,160,6.380 ,N/A
61039,Fisioteràpia / Ciències de l'Activitat Física i de l'Esport (simultaneïtat),UdL,Lleida,U. Públ.,25,N/A,04-16
41037,"Fisioteràpia / Ciències de l'Activitat Física i de l'Esport ""Tecnocampus"" (simultaneïtat)",UPF,Mataró,U. Públ. CA,40,8.850 ,04-17
81086,"Fisioteràpia / Ciències de l'Activitat Física i de l'Esport ""EUSES"" (simultaneïtat)",UdG,Salt,U. Públ. CA,10,9.984 ,04-17
71088,"Fisioteràpia / Ciències de l'Activitat Física i de l'Esport ""EUSES"" (simultaneïtat)",URV,Tortosa Amposta,U. Públ. CA,10,10.133 ,04-17
61044,Fisioteràpia / Infermeria (simultaneïtat),UdL,Lleida,U. Públ.,25,N/A,04-16
61057,Fisioteràpia / Nutrició Humana i Dietètica (simultaneïtat),UdL,Igualada,U. Públ.,20,N/A,04-16
21035,Genètica,UAB,Cerdanyola del Vallès,U. Públ.,60,N/A,16
61026,Geografia,UdL,Lleida,U. Públ.,20,N/A,16
11108,Geografia i Canvi Global,UB,Barcelona,U. Públ.,50,N/A,16
71015,Geografia Anàlisi Territorial i Sostenibilitat,URV,Vila-Seca,U. Públ.,35,N/A,16
21124,Geografia Medi Ambient i Planificació Territorial,UAB,Cerdanyola del Vallès,U. Públ.,60,N/A,16
81073,Geografia Territori i Medi Ambient,UdG,Girona,U. Públ.,35,N/A,16
81076,Geografia Territori i Medi Ambient / Turisme (simultaneïtat),UdG,Girona,U. Públ.,10,N/A,04-16
11032,Geologia,UB,Barcelona,U. Públ.,60,N/A,16
21037,Geologia,UAB,Cerdanyola del Vallès,U. Públ.,40,N/A,16
21151,Geologia / Ciències Ambientals (simultaneïtat),UAB,Cerdanyola del Vallès,U. Públ.,30,N/A,16
21038,Gestió Aeronàutica,UAB,Sabadell,U. Públ.,65,N/A,16
21149,Gestió de Ciutats Intel·ligents i Sostenibles,UAB,Cerdanyola del Vallès,U. Públ.,60,N/A,16
11091,Gestió d'Informació i Documentació Digital,UB,Barcelona,U. Públ.,60,N/A,16
11098,Gestió d'Informació i Documentació Digital / Comunicació Audiovisual (simultaneïtat),UB,Barcelona,U. Públ.,20,N/A,04-16
91060,Gestió de la Societat Digital (Campus Manresa),UVic-UCC,Manresa,U. Priv.,40,5.500 ,N/A
71068,Gestió en Turisme i Hoteleria,URV,Vila-Seca,U. Públ.,75,N/A,16
11052,Gestió i Administració Pública,UB,Barcelona,U. Públ.,80,N/A,16
11070,Gestió i Administració Pública / Dret (simultaneïtat),UB,Barcelona,U. Públ.,24,N/A,04-16
41064,Grau Obert Programa de (agrupació),UPF,Barcelona,U. Públ.,30,N/A,07-21
11035,Història,UB,Barcelona,U. Públ.,255,N/A,16
21040,Història,UAB,Cerdanyola del Vallès,U. Públ.,140,N/A,16
81074,Història,UdG,Girona,U. Públ.,55,N/A,16
61028,Història,UdL,Lleida,U. Públ.,40,N/A,16
71077,Història,URV,Tarragona,U. Públ.,45,N/A,16
11096,Història / Arqueologia (simultaneïtat),UB,Barcelona,U. Públ.,20,N/A,04-16
11104,Història / Història de l'Art (simultaneïtat),UB,Barcelona,U. Públ.,20,N/A,16
81078,Història / Història de l'Art (simultaneïtat),UdG,Girona,U. Públ.,10,N/A,04-16
11034,Història de l'Art,UB,Barcelona,U. Públ.,170,N/A,16
21039,Història de l'Art,UAB,Cerdanyola del Vallès,U. Públ.,80,N/A,16
81075,Història de l'Art,UdG,Girona,U. Públ.,45,N/A,16
11104,Història de l'Art / Història (simultaneïtat),UB,Barcelona,U. Públ.,20,N/A,16
81078,Història de l'Art / Història (simultaneïtat),UdG,Girona,U. Públ.,10,N/A,04-16
71078,Història de l'Art i Arqueologia,URV,Tarragona,U. Públ.,30,N/A,16
61081,Història de l'Art i Gestió del Patrimoni Artístic,UdL,Lleida,U. Públ.,40,N/A,16
21138,Història Política i Economia Contemporànies,UAB,Cerdanyola del Vallès,U. Públ.,60,N/A,16
41003,Humanitats,UPF,Barcelona,U. Públ.,170,N/A,21
21101,Humanitats,UAB,Cerdanyola del Vallès,U. Públ.,70,N/A,16
11081,Infermeria (Campus Clínic),UB,Barcelona,U. Públ.,135,N/A,16
21043,"Infermeria ""Sant Pau""",UAB,Barcelona,U. Públ. CA,93,5.860 ,17
41021,"Infermeria ""Escola Superior d'Infermeria del Mar""",UPF,Barcelona,U. Públ. CA,85,6.490 ,17
21044,Infermeria,UAB,Cerdanyola del Vallès,U. Públ.,240,N/A,16
71032,Infermeria,URV,el Vendrell,U. Públ.,40,N/A,16
81066,Infermeria,UdG,Girona,U. Públ.,190,N/A,16
61046,Infermeria,UdL,Igualada,U. Públ.,85,N/A,16
11037,Infermeria (Campus Bellvitge),UB,L'Hospitalet de Llobregat,U. Públ.,395,N/A,16
61029,Infermeria,UdL,Lleida,U. Públ.,105,N/A,16
91043,Infermeria (Campus Manresa),UVic-UCC,Manresa,U. Priv.,150,6.177 ,N/A
41031,"Infermeria ""Tecnocampus""",UPF,Mataró,U. Públ. CA,90,6.470 ,17
11036,"Infermeria ""Sant Joan de Déu""",UB,Sant Boi de Llobregat Esplugues de Llobregat,U. Públ. CA,220,6322,17-30
21042,"Infermeria ""Gimbernat""",UAB,Sant Cugat del Vallès,U. Públ. CA,200,7.430 ,17
71016,Infermeria,URV,Tarragona,U. Públ.,93,N/A,16
21041,Infermeria EUIT de Terrassa,UAB,Terrassa,U. Públ. CA,165,6.945 ,17
71028,Infermeria,URV,Tortosa,U. Públ.,82,N/A,16
91013,Infermeria,UVic-UCC,Vic,U. Priv.,150,6.380 ,N/A
71084,Infermeria,URV,el Vendrell Vilafranca del Penedès,U. Públ.,40,N/A,16-27
61044,Infermeria / Fisioteràpia (simultaneïtat),UdL,Lleida,U. Públ.,25,N/A,04-16
21046,Informàtica i Serveis,UAB,Sant Cugat del Vallès,U. Públ. CA,50,4.660 ,17
81058,Innovació i Seguretat Alimentària,UdG,Girona,U. Públ.,40,N/A,16
31106,Intel·ligència Artificial,UPC,Barcelona,U. Públ.,50,N/A,21
21139,Intel·ligència Artificial / Artificial Intelligence (docència en Anglès),UAB,Cerdanyola del Vallès,U. Públ.,40,N/A,16
10120,Investigació Privada (Títol propi no oficial),UB,Barcelona,U. Públ.,120,1.380 ,17-22
11039,Lingüística,UB,Barcelona,U. Públ.,60,N/A,16
71072,Llengua i Literatura Catalanes,URV,Tarragona,U. Públ.,40,N/A,16
21136,Llengua i Literatura Espanyoles,UAB,Cerdanyola del Vallès,U. Públ.,60,N/A,16
71073,Llengua i Literatura Hispàniques,URV,Tarragona,U. Públ.,40,N/A,16
41023,Llengües Aplicades,UPF,Barcelona,U. Públ.,60,N/A,21
41054,Llengües Aplicades / Traducció i Interpretació -Anglès- (simultaneïtat),UPF,Barcelona,U. Públ.,15,N/A,01-04-21
61051,Llengües Aplicades i Traducció / Estudis Anglesos (simultaneïtat),UdL,Lleida,U. Públ.,10,N/A,04-16
61058,Llengües Aplicades i Traducció / Filologia Catalana i Estudis Occitans (simultaneïtat),UdL,Lleida,U. Públ.,10,N/A,04-16
61080,Llengües Aplicades i Traducció / Filologia Hispànica (simultaneïtat),UdL,Lleida,U. Públ.,10,N/A,04-16
11040,Llengües i Literatures Modernes,UB,Barcelona,U. Públ.,100,N/A,16
11082,Llengües Romàniques i les seves Literatures,UB,Barcelona,U. Públ.,40,N/A,16
81064,"Logística Empresarial ""Mediterrani""",UdG,Barcelona,U. Públ. CA,50,7.215 ,17
41048,"Logística i Negocis Marítims ""Tecnocampus""",UPF,Mataró,U. Públ. CA,45,5.990 ,17
21048,Logopèdia,UAB,Cerdanyola del Vallès,U. Públ.,80,N/A,16
71062,"Màrqueting ""ESIC""",URV,Barcelona,U. Públ. CA,95,8.800 ,17
71074,"Màrqueting ""ESIC"" (docència en Anglès)",URV,Barcelona,U. Públ. CA,45,10.200 ,17-26
81051,"Màrqueting ""Mediterrani""",UdG,Barcelona,U. Públ. CA,70,6.495 ,17
71079,"Màrqueting / Administració i Direcció d'Empreses ""ESIC"" (simultaneïtat)",URV,Reus Barcelona,U. Públ. CA,10,4.712 ,20
71080,"Màrqueting / Administració i Direcció d'Empreses ""ESIC"" (simultaneïtat)",URV,Barcelona Tortosa,U. Públ. CA,10,4.712 ,20
81062,"Màrqueting / Turisme ""Mediterrani"" (simultaneïtat)",UdG,Barcelona,U. Públ. CA,25,6.685 ,04-17
61078,"Màrqueting i Comunicació Digital ""Centre Universitari EAE""",UdL,Barcelona,U. Públ. CA,90,8.800 ,17
91032,Màrqueting i Comunicació Empresarial,UVic-UCC,Vic,U. Priv.,40,5.758 ,N/A
41039,"Màrqueting i Comunitats Digitals ""Tecnocampus""",UPF,Mataró,U. Públ. CA,70,5.990 ,17
41041,"Màrqueting i Comunitats Digitals / Administració d'Empreses i Gestió de la Innovació ""Tecnocampus"" (simultaneïtat)",UPF,Mataró,U. Públ. CA,60,6.170 ,04-17
41062,"Màrqueting i Comunitats Digitals / Turisme i Gestió del Lleure ""Tecnocampus"" (simultaneïtat)",UPF,Mataró,U. Públ. CA,30,6.800 ,04-17
31132,"Màrqueting Innovació i Tecnologia ""EUNCET"" (Campus 22@) (presencial)",UPC,Barcelona,U. Públ. CA,35,7.200 ,17
31131,"Màrqueting Innovació i Tecnologia ""EUNCET"" (Campus 22@) (semipresencial)",UPC,Barcelona,U. Públ. CA,35,6.600 ,17
31134,"Màrqueting Innovació i Tecnologia ""EUNCET"" (Campus Terrassa) (presencial)",UPC,Terrassa,U. Públ. CA,35,7.200 ,17
31133,"Màrqueting Innovació i Tecnologia ""EUNCET"" (Campus Terrassa) (semipresencial)",UPC,Terrassa,U. Públ. CA,35,6.600 ,17
31129,"Màrqueting Innovació i Tecnologia / Empresa Innovació i Tecnologia ""EUNCET"" (Campus 22@) (presencial) (simultaneïtat)",UPC,Barcelona,U. Públ. CA,35,7.200 ,04-17
31130,"Màrqueting Innovació i Tecnologia / Empresa Innovació i Tecnologia ""EUNCET"" (Campus Terrassa) (presencial) (simultaneïtat)",UPC,Terrassa,U. Públ. CA,35,7.200 ,04-17
21122,Matemàtica Computacional i Analítica de Dades,UAB,Cerdanyola del Vallès,U. Públ.,40,N/A,16
11041,Matemàtiques,UB,Barcelona,U. Públ.,70,N/A,16
31040,Matemàtiques,UPC,Barcelona,U. Públ.,75,N/A,21
21003,Matemàtiques,UAB,Cerdanyola del Vallès,U. Públ.,60,N/A,16
11066,Matemàtiques / Administració i Direcció d'Empreses (simultaneïtat),UB,Barcelona,U. Públ.,20,N/A,04-16
11016,Matemàtiques / Enginyeria Informàtica (simultaneïtat),UB,Barcelona,U. Públ.,20,N/A,04-16
11020,Matemàtiques / Física (simultaneïtat),UB,Barcelona,U. Públ.,20,N/A,04-16
21005,Matemàtiques / Física (simultaneïtat),UAB,Cerdanyola del Vallès,U. Públ.,20,N/A,04-16
11043,Medicina (Campus Clínic),UB,Barcelona,U. Públ.,200,N/A,16
41058,Medicina,UPF,Barcelona,U. Públ.,64,N/A,16
21079,Medicina,UAB,Cerdanyola del Vallès,U. Públ.,385,N/A,16
81001,Medicina,UdG,Girona,U. Públ.,92,N/A,16
11083,Medicina (Campus Bellvitge),UB,L'Hospitalet de Llobregat,U. Públ.,100,N/A,16
61030,Medicina,UdL,Lleida,U. Públ.,132,N/A,16
71019,Medicina,URV,Reus,U. Públ.,130,N/A,16
91054,Medicina,UVic-UCC,Vic,U. Priv.,115,13.801 ,N/A
21050,Microbiologia,UAB,Cerdanyola del Vallès,U. Públ.,60,N/A,16
41049,"Mitjans Audiovisuals ""Tecnocampus""",UPF,Mataró,U. Públ. CA,85,6.460 ,17
81079,"Moda ""ERAM""",UdG,Girona Salt,U. Públ. CA,30,780 ,17
91029,Multimèdia. Aplicacions i Videojocs,UVic-UCC,Vic,U. Priv.,40,658 ,N/A
21051,Musicologia,UAB,Cerdanyola del Vallès,U. Públ.,60,N/A,16
21150,Nanociència i Nanotecnologia,UAB,Cerdanyola del Vallès,U. Públ.,65,N/A,16
31045,Nàutica i Transport Marítim,UPC,Barcelona,U. Públ.,50,N/A,21
11102,"Negoci Digital i Innovació en Turisme ""CETT""",UB,Barcelona,U. Públ. CA,70,8.171 ,17
11112,"Negoci Digital i Innovació en Turisme / Turisme ""CETT"" (simultaneïtat)",UB,Barcelona,U. Públ. CA,10,8.970 ,17
41024,"Negocis i Màrqueting Internacionals - Bachelor in International Business and Marketing ""ESCI""",UPF,Barcelona,U. Públ. CA,100,7.710 ,02-17
41063,"Negocis i Màrqueting Internacionals - Bachelor in International Business and Marketing ""ESCI"" (docència en anglès)",UPF,Barcelona,U. Públ. CA,50,7.710 ,02-17
61031,Nutrició Humana i Dietètica,UdL,Lleida,U. Públ.,45,N/A,16
41061,"Nutrició Humana i Dietètica ""Tecnocampus""",UPF,Mataró,U. Públ. CA,60,6.470 ,17
71044,Nutrició Humana i Dietètica,URV,Reus,U. Públ.,85,N/A,16
81081,"Nutrició Humana i Dietètica ""EUSES""",UdG,Salt,U. Públ. CA,40,6.495 ,17
11062,Nutrició Humana i Dietètica,UB,Santa Coloma de Gramenet,U. Públ.,60,N/A,16
91021,Nutrició Humana i Dietètica,UVic-UCC,Vic,U. Priv.,65,5.758 ,N/A
11075,Nutrició Humana i Dietètica / Farmàcia (simultaneïtat),UB,Barcelona Santa Coloma de Gramenet,U. Públ.,20,N/A,04-16
61057,Nutrició Humana i Dietètica / Fisioteràpia (simultaneïtat),UdL,Igualada,U. Públ.,20,N/A,04-16
11044,Odontologia,UB,L'Hospitalet de Llobregat,U. Públ.,120,N/A,16
91061,Odontologia (Campus Medicina Vic),UVic-UCC,Vic Manresa,U. Priv.,60,13.801 ,31
31105,Òptica i Optometria,UPC,Terrassa,U. Públ.,90,N/A,21
31098,Paisatgisme,UPC,Barcelona Castelldefels,U. Públ.,50,N/A,21
11045,Pedagogia,UB,Barcelona,U. Públ.,216,N/A,16
21052,Pedagogia,UAB,Cerdanyola del Vallès,U. Públ.,75,N/A,16
81043,Pedagogia,UdG,Girona,U. Públ.,60,N/A,16
71020,Pedagogia,URV,Tarragona,U. Públ.,45,N/A,16
41025,Periodisme,UPF,Barcelona,U. Públ.,80,N/A,21
21096,Periodisme,UAB,Cerdanyola del Vallès,U. Públ.,160,N/A,16
71021,Periodisme,URV,Tarragona,U. Públ.,45,N/A,16
91014,Periodisme,UVic-UCC,Vic,U. Priv.,50,658 ,N/A
71045,Pilot d'Aviació Comercial i Operacions Aèries,URV,Reus,U. Públ. CA,30,31.800 ,01-17
11046,Podologia,UB,L'Hospitalet de Llobregat,U. Públ.,80,N/A,16
91045,Podologia (Campus Manresa),UVic-UCC,Manresa,U. Priv.,80,6.133 ,N/A
21054,Prevenció i Seguretat Integral,UAB,Cerdanyola del Vallès,U. Públ. CA,88,5.940 ,17
21113,Prevenció i Seguretat Integral (en xarxa),UAB,Cerdanyola del Vallès,U. Públ. CA,33,5.940 ,05-17
11111,"Producció de Música i So per a la Indústria de l'Entreteniment ""ENTI""",UB,Barcelona,U. Públ. CA,60,8.220 ,01-17
11047,Psicologia,UB,Barcelona,U. Públ.,432,N/A,16
21081,Psicologia,UAB,Cerdanyola del Vallès,U. Públ.,360,N/A,16
81033,Psicologia,UdG,Girona,U. Públ.,80,N/A,16
61020,Psicologia,UdL,Lleida,U. Públ.,60,N/A,16
71022,Psicologia,URV,Tarragona,U. Públ.,125,N/A,16
91022,Psicologia,UVic-UCC,Vic,U. Priv.,120,658 ,N/A
41004,Publicitat i Relacions Públiques,UPF,Barcelona,U. Públ.,80,N/A,21
21097,Publicitat i Relacions Públiques,UAB,Cerdanyola del Vallès,U. Públ.,80,N/A,16
81002,Publicitat i Relacions Públiques,UdG,Girona,U. Públ.,70,N/A,16
71023,Publicitat i Relacions Públiques,URV,Tarragona,U. Públ.,45,N/A,16
91015,Publicitat i Relacions Públiques,UVic-UCC,Vic,U. Priv.,55,658 ,N/A
81077,Publicitat i Relacions Públiques / Turisme (simultaneïtat),UdG,Girona,U. Públ.,15,N/A,04-16
11093,"Publicitat Relacions Públiques i Màrqueting ""ESRP""",UB,Barcelona,U. Públ. CA,150,6.450 ,17
11049,Química,UB,Barcelona,U. Públ.,180,N/A,16
21082,Química,UAB,Cerdanyola del Vallès,U. Públ.,120,N/A,16
81034,Química,UdG,Girona,U. Públ.,60,N/A,16
71024,Química,URV,Tarragona,U. Públ.,60,N/A,16
71066,Química (docència en Anglès),URV,Tarragona,U. Públ.,30,N/A,03-16
11095,Química / Administració i Direcció d'Empreses (simultaneïtat),UB,Barcelona,U. Públ.,20,N/A,04-16
21100,Química / Física (simultaneïtat),UAB,Cerdanyola del Vallès,U. Públ.,20,N/A,04-16
21123,Relacions Internacionals,UAB,Cerdanyola del Vallès,U. Públ.,50,N/A,16
21145,Relacions Internacionals / Dret (simultaneïtat),UAB,Cerdanyola del Vallès,U. Públ.,20,N/A,16
11050,Relacions Laborals,UB,Barcelona,U. Públ.,170,N/A,16
41026,Relacions Laborals,UPF,Barcelona,U. Públ.,180,N/A,21
21055,Relacions Laborals,UAB,Cerdanyola del Vallès,U. Públ.,125,N/A,16
21109,Relacions Laborals / Dret (simultaneïtat),UAB,Cerdanyola del Vallès,U. Públ.,20,N/A,04-16
61033,Relacions Laborals i Recursos Humans,UdL,Lleida,U. Públ. CA,30,3.900 ,17
71082,Relacions Laborals i Recursos Humans,URV,Tarragona,U. Públ.,65,N/A,16
71083,Relacions Laborals i Recursos Humans / Dret (simultaneïtat),URV,Tarragona,U. Públ.,25,N/A,04-16
11076,Seguretat,UB,Mollet del Vallès,U. Públ. CA,60,N/A,16
11063,Sociologia,UB,Barcelona,U. Públ.,130,N/A,16
21056,Sociologia,UAB,Cerdanyola del Vallès,U. Públ.,110,N/A,16
11090,Sociologia / Administració i Direcció d'Empreses (simultaneïtat),UB,Barcelona,U. Públ.,20,N/A,04-16
21125,Sociologia / Ciència Política i Gestió Pública (simultaneïtat),UAB,Cerdanyola del Vallès,U. Públ.,20,N/A,04-16
21129,Sociologia / Estadística Aplicada (simultaneïtat),UAB,Cerdanyola del Vallès,U. Públ.,20,N/A,04-16
91915,Tecnologies Industrials amb Anàlisi Econòmica Grau en + Màster Universitari en Enginyeria Industrial (PARS: Enginyer/a Industrial amb Anàlisi Econòmica) (docència en Anglès),UPC / UPF,Barcelona,U. Públ.,50,N/A,21-28
31038,Tecnologies Marines,UPC,Barcelona,U. Públ.,40,N/A,21
21057,Teràpia Ocupacional EUIT de Terrassa,UAB,Terrassa,U. Públ. CA,80,6.945 ,17
91016,Teràpia Ocupacional (presencial / semipresencial),UVic-UCC,Vic,U. Priv.,40,5.473 ,N/A
21058,Traducció i Interpretació -Alemany-,UAB,Cerdanyola del Vallès,U. Públ.,40,N/A,16
41040,Traducció i Interpretació -Alemany / Francès / Llengua de Signes Catalana-,UPF,Barcelona,U. Públ.,70,N/A,21
41006,Traducció i Interpretació -Anglès-,UPF,Barcelona,U. Públ.,85,N/A,01-21
21064,Traducció i Interpretació -Anglès-,UAB,Cerdanyola del Vallès,U. Públ.,140,N/A,01-16
41054,Traducció i Interpretació -Anglès- / Llengües Aplicades (simultaneïtat),UPF,Barcelona,U. Públ.,15,N/A,01-04-21
21065,Traducció i Interpretació -Francès-,UAB,Cerdanyola del Vallès,U. Públ.,50,N/A,16
11051,Treball Social,UB,Barcelona,U. Públ.,240,N/A,16
81044,Treball Social,UdG,Girona,U. Públ.,60,N/A,16
61034,Treball social,UdL,Lleida,U. Públ.,80,N/A,16
71026,Treball Social,URV,Tarragona,U. Públ.,85,N/A,16
11011,"Turisme ""CETT""",UB,Barcelona,U. Públ. CA,152,6.974 ,17
11086,"Turisme ""CETT"" (docència en Anglès)",UB,Barcelona,U. Públ. CA,65,6.974 ,17
81036,"Turisme ""Euroaula""",UdG,Barcelona,U. Públ. CA,100,4.340 ,17
81038,"Turisme ""Mediterrani""",UdG,Barcelona,U. Públ. CA,100,5.415 ,17
21059,Turisme,UAB,Cerdanyola del Vallès,U. Públ. CA,100,5.220 ,17
21114,Turisme (docència en Anglès),UAB,Cerdanyola del Vallès,U. Públ. CA,60,5.220 ,17
81039,Turisme,UdG,Girona,U. Públ.,70,N/A,16
61021,Turisme,UdL,Lleida,U. Públ.,35,N/A,16
61053,Turisme / Administració i Direcció d'Empreses (simultaneïtat),UdL,Lleida,U. Públ.,20,N/A,04-16
81085,Turisme / Estudis Globals / Global Studies (docència en Anglès) (simultaneïtat),UdG,Girona,U. Públ.,20,N/A,16
81076,Turisme / Geografia Territori i Medi Ambient (simultaneïtat),UdG,Girona,U. Públ.,10,N/A,04-16
81062,"Turisme / Màrqueting ""Mediterrani"" (simultaneïtat)",UdG,Barcelona,U. Públ. CA,25,6.685 ,04-17
11112,"Turisme / Negoci Digital i Innovació en Turisme ""CETT"" (simultaneïtat)",UB,Barcelona,U. Públ. CA,10,8.970 ,17
81077,Turisme / Publicitat i Relacions Públiques (simultaneïtat),UdG,Girona,U. Públ.,15,N/A,04-16
41035,"Turisme i Gestió del Lleure / Administració d'Empreses i Gestió de la Innovació ""Tecnocampus"" (simultaneïtat)",UPF,Mataró,U. Públ. CA,40,6.210 ,04-17
41062,"Turisme i Gestió del Lleure / Màrqueting i Comunitats Digitals ""Tecnocampus"" (simultaneïtat)",UPF,Mataró,U. Públ. CA,30,6.800 ,04-17
21083,Veterinària,UAB,Cerdanyola del Vallès,U. Públ.,115,N/A,16
61040,Veterinària / Ciència i Producció Animal (simultaneïtat),UdL,Lleida,U. Públ.,60,N/A,15-16